"Sample_Size","Mean","SD","Skewness","Kurtosis","Shapiro_Test_p"
50,-0.0853990490727898,1.19637619466304,-0.277632970727285,-0.846444323021618,0.2427306993444
1000,-0.0120262879772499,0.998402054551375,-0.0322955987593982,-0.092785510931177,0.771518855405498
